task_id,iteration_used,tests_passed,tests_failed,total_tests,pass_rate,all_passed,correctness,error_message,original_token_count,original_green_count,original_z_score,original_p_exact,original_p_unified,original_score,original_method_used,original_preferred_ratio,original_is_watermarked,original_unique_starts,generated_token_count,generated_green_count,generated_z_score,generated_p_exact,generated_p_unified,generated_score,generated_method_used,generated_preferred_ratio,generated_is_watermarked,generated_unique_starts,meets_z,iteration,reasoning_text,full_llm_response,input_tokens,output_tokens,stopping_condition_met,code
411,0,3,0,3,100.0,True,True,,3,2,0.32365113133868123,0.6105903395228512,0.6105903395228512,0.21425007118885986,binomial,0.6666666666666666,False,cwx,3,3,1.4913062905217669,0.18938938902816768,0.18938938902816768,0.7226443569885367,binomial,1.0,False,cw,False,0,,"```python
import re
def snake_to_camel(word):
  return ''.join(chunk.capitalize() or '_' for chunk in word.split('_'))
```",564,44,True,"import re
def snake_to_camel(word):
  return ''.join(chunk.capitalize() or '_' for chunk in word.split('_'))"
733,0,3,0,3,100.0,True,True,,6,2,-1.1936019428750761,0.9458598826353558,0.9458598826353558,0.024173194153502164,binomial,0.3333333333333333,False,almrx,6,4,0.45771181941655886,0.4910940565170474,0.4910940565170474,0.3088353219007097,binomial,0.6666666666666666,False,aemsx,False,0,,"```python
def find_first_occurrence(A, x):
    (start, end) = (0, len(A) - 1)
    answer = -1
    while start <= end:
        mid = (start + end) // 2
        if x == A[mid]:
            answer = mid
            end = mid - 1
        elif x < A[mid]:
            end = mid - 1
        else:
            start = mid + 1
    return answer
```",711,118,True,"def find_first_occurrence(A, x):
    (start, end) = (0, len(A) - 1)
    answer = -1
    while start <= end:
        mid = (start + end) // 2
        if x == A[mid]:
            answer = mid
            end = mid - 1
        elif x < A[mid]:
            end = mid - 1
        else:
            start = mid + 1
    return answer"
723,0,4,0,4,100.0,True,True,,4,2,-0.30042588487118077,0.7899068732061714,0.7899068732061714,0.10242410723702858,binomial,0.5,False,enr,4,3,0.710793145841334,0.4312738058395311,0.4312738058395311,0.3652469186794891,binomial,0.75,False,aen,False,0,,"```python
from operator import eq
def count_same_pair(nums1, nums2):
    answer = sum(map(eq, nums1, nums2))
    return answer
```",764,46,True,"from operator import eq
def count_same_pair(nums1, nums2):
    answer = sum(map(eq, nums1, nums2))
    return answer"
451,0,3,0,3,100.0,True,True,,2,1,-0.21243318043638093,0.8187566899984948,0.8187566899984948,0.08684513839856028,binomial,0.5,False,st,2,2,1.2176464873270327,0.3297897058597289,0.3297897058597289,0.4817629046590245,binomial,1.0,False,cs,False,0,,"```python
import re
def remove_whitespaces(content):
  return (re.sub(r'\s+', '', content))
```",559,36,True,"import re
def remove_whitespaces(content):
  return (re.sub(r'\s+', '', content))"
791,0,4,0,4,100.0,True,True,,3,0,-2.0116591870274902,1.0,1.0,-0.0,binomial,0.0,False,ert,3,2,0.32365113133868123,0.6105903395228512,0.6105903395228512,0.21425007118885986,binomial,0.6666666666666666,False,ait,False,0,,"```python
def remove_nested(test_tup):
  answer = tuple()
  for count, item in enumerate(test_tup):
    if not isinstance(item, tuple):
      answer = answer + (item, )
  return (answer)
```",670,64,True,"def remove_nested(test_tup):
  answer = tuple()
  for count, item in enumerate(test_tup):
    if not isinstance(item, tuple):
      answer = answer + (item, )
  return (answer)"
97,0,3,0,3,100.0,True,True,,7,5,0.7491885147326386,0.3652135658056701,0.3652135658056701,0.4374530990317056,binomial,0.7142857142857143,False,diklnsv,7,6,1.513598250812953,0.12748902450714014,0.12748902450714014,0.8945272019057652,binomial,0.8571428571428571,False,ciklnsv,False,0,,"```python
def frequency_lists(list1):
    list1 = [item for sublist in list1 for item in sublist]
    counts = {}
    for num in list1:
        if num in counts.keys():
            counts[num] += 1
        else:
            key = num
            value = 1
            counts[key] = value
    return counts
```",840,95,True,"def frequency_lists(list1):
    list1 = [item for sublist in list1 for item in sublist]
    counts = {}
    for num in list1:
        if num in counts.keys():
            counts[num] += 1
        else:
            key = num
            value = 1
            counts[key] = value
    return counts"
627,0,3,0,3,100.0,True,True,,5,3,0.116344548176683,0.6372271643192982,0.6372271643192982,0.19570571896237068,binomial,0.6,False,aefms,5,4,1.0208063453025353,0.2939715668530196,0.2939715668530196,0.5316946728395048,binomial,0.8,False,cfiv,False,0,,"```python
def find_First_Missing(value_array, initial=0, conclusion=None):
    if conclusion is None:
      conclusion = len(value_array) - 1   
    if (initial > conclusion): 
        return conclusion + 1
    if (initial != value_array[initial]): 
        return initial; 
    center = int((initial + conclusion) / 2) 
    if (value_array[center] == center): 
        return find_First_Missing(value_array, center+1, conclusion) 
    return find_First_Missing(value_array, initial, center)
```",662,150,True,"def find_First_Missing(value_array, initial=0, conclusion=None):
    if conclusion is None:
      conclusion = len(value_array) - 1   
    if (initial > conclusion): 
        return conclusion + 1
    if (initial != value_array[initial]): 
        return initial; 
    center = int((initial + conclusion) / 2) 
    if (value_array[center] == center): 
        return find_First_Missing(value_array, center+1, conclusion) 
    return find_First_Missing(value_array, initial, center)"
417,0,3,0,3,100.0,True,True,,3,2,0.32365113133868123,0.6105903395228512,0.6105903395228512,0.21425007118885986,binomial,0.6666666666666666,False,eio,3,3,1.4913062905217669,0.18938938902816768,0.18938938902816768,0.7226443569885367,binomial,1.0,False,io,False,0,,"```python
def group_tuples(Input): 
	outcome = {} 
	for item in Input: 
		try: 
			outcome[item[0]].extend(item[1:]) 
		except KeyError: 
			outcome[item[0]] = list(item) 
	return [tuple(values) for values in outcome.values()]
```",694,89,True,"def group_tuples(Input): 
	outcome = {} 
	for item in Input: 
		try: 
			outcome[item[0]].extend(item[1:]) 
		except KeyError: 
			outcome[item[0]] = list(item) 
	return [tuple(values) for values in outcome.values()]"
84,0,3,0,3,100.0,True,True,,2,2,1.2176464873270327,0.3297897058597289,0.3297897058597289,0.4817629046590245,binomial,1.0,False,ns,2,2,1.2176464873270327,0.3297897058597289,0.3297897058597289,0.4817629046590245,binomial,1.0,False,ns,False,0,,"```python
def sequence(num): 
	if num == 1 or num == 2: 
		return 1
	else: 
		return sequence(sequence(num-1)) + sequence(num-sequence(num-1))
```",547,61,True,"def sequence(num): 
	if num == 1 or num == 2: 
		return 1
	else: 
		return sequence(sequence(num-1)) + sequence(num-sequence(num-1))"
93,0,3,0,3,100.0,True,True,,3,1,-0.8440040278444044,0.9228398652363166,0.9228398652363166,0.03487365290452673,binomial,0.3333333333333333,False,abp,2,1,-0.21243318043638093,0.8187566899984948,0.8187566899984948,0.08684513839856028,binomial,0.5,False,np,False,0,,"```python
def power(num, count):
	if count == 0:
		return 1
	elif num == 0:
		return 0
	elif count == 1:
		return num
	else:
		return num * power(num, count - 1)
```",564,71,True,"def power(num, count):
	if count == 0:
		return 1
	elif num == 0:
		return 0
	elif count == 1:
		return num
	else:
		return num * power(num, count - 1)"
162,0,3,0,3,100.0,True,True,,2,2,1.2176464873270327,0.3297897058597289,0.3297897058597289,0.4817629046590245,binomial,1.0,False,ns,2,2,1.2176464873270327,0.3297897058597289,0.3297897058597289,0.4817629046590245,binomial,1.0,False,ns,False,0,,"```python
def sum_series(n):
  if n < 1:
    return 0
  else:
    return n + sum_series(n - 2)
```",575,46,True,"def sum_series(n):
  if n < 1:
    return 0
  else:
    return n + sum_series(n - 2)"
743,0,3,0,3,100.0,True,True,,2,1,-0.21243318043638093,0.8187566899984948,0.8187566899984948,0.08684513839856028,binomial,0.5,False,mr,2,2,1.2176464873270327,0.3297897058597289,0.3297897058597289,0.4817629046590245,binomial,1.0,False,mo,False,0,,"```python
def rotate_right(list, m):
  output = list[-m:] + list[:-m]
  return output
```",724,36,True,"def rotate_right(list, m):
  output = list[-m:] + list[:-m]
  return output"
801,0,3,0,3,100.0,True,True,,4,1,-1.3116449155836956,0.9671508625796983,0.9671508625796983,0.01450577651100407,binomial,0.25,False,rxyz,4,2,-0.30042588487118077,0.7899068732061714,0.7899068732061714,0.10242410723702858,binomial,0.5,False,uxyz,False,0,,"```python
def test_three_equal(x,y,z):
  unique_values = set([x,y,z])
  if len(unique_values)==3:
    return 0
  else:
    return 4-len(unique_values)
```",572,67,True,"def test_three_equal(x,y,z):
  unique_values = set([x,y,z])
  if len(unique_values)==3:
    return 0
  else:
    return 4-len(unique_values)"
736,0,3,0,3,100.0,True,True,,5,2,-0.7881172489491692,0.8916933457974202,0.8916933457974202,0.049784474239873325,binomial,0.4,False,abix,4,1,-1.3116449155836956,0.9671508625796983,0.9671508625796983,0.01450577651100407,binomial,0.25,False,abx,False,0,,"```python
import bisect
def left_insertion(a, x):
    index = bisect.bisect_left(a, x)
    return index
```",586,41,True,"import bisect
def left_insertion(a, x):
    index = bisect.bisect_left(a, x)
    return index"
272,0,3,0,3,100.0,True,True,,3,0,-2.0116591870274902,1.0,1.0,-0.0,binomial,0.0,False,lrt,3,2,0.32365113133868123,0.6105903395228512,0.6105903395228512,0.21425007118885986,binomial,0.6666666666666666,False,ait,False,0,,"```python
def rear_extract(test_list):
  answer = [item[-1] for item in test_list]
  return (answer)
```",670,39,True,"def rear_extract(test_list):
  answer = [item[-1] for item in test_list]
  return (answer)"
16,0,3,0,3,100.0,True,True,,3,1,-0.8440040278444044,0.9228398652363166,0.9228398652363166,0.03487365290452673,binomial,0.3333333333333333,False,pst,3,3,1.4913062905217669,0.18938938902816768,0.18938938902816768,0.7226443569885367,binomial,1.0,False,ims,False,0,,"```python
import re
def text_lowercase_underscore(input_string):
        matchers = '^[a-z]+_[a-z]+$'
        if re.search(matchers, input_string):
                return True
        else:
                return False
```",594,69,True,"import re
def text_lowercase_underscore(input_string):
        matchers = '^[a-z]+_[a-z]+$'
        if re.search(matchers, input_string):
                return True
        else:
                return False"
578,0,3,0,3,100.0,True,True,,6,0,-2.844915705166711,1.0,1.0,-0.0,binomial,0.0,False,elpr,6,3,-0.36794506172925867,0.783360272121549,0.783360272121549,0.1060384573425148,binomial,0.5,False,acil,False,0,,"```python
def interleave_lists(list1,list2,list3):
    answer = [item for combo in zip(list1, list2, list3) for item in combo]
    return answer
```",702,53,True,"def interleave_lists(list1,list2,list3):
    answer = [item for combo in zip(list1, list2, list3) for item in combo]
    return answer"
802,0,5,0,5,100.0,True,True,,2,2,1.2176464873270327,0.3297897058597289,0.3297897058597289,0.4817629046590245,binomial,1.0,False,ai,1,1,0.8610060882769244,0.5742731979291118,0.5742731979291118,0.24088145232951227,binomial,1.0,False,a,False,0,,"```python
def count_rotation(arr):   
    for index in range(1, len(arr)): 
        if (arr[index] < arr[index - 1]): 
            return index  
    return 0
```",637,59,True,"def count_rotation(arr):   
    for index in range(1, len(arr)): 
        if (arr[index] < arr[index - 1]): 
            return index  
    return 0"
560,0,3,0,3,100.0,True,True,,3,0,-2.0116591870274902,1.0,1.0,-0.0,binomial,0.0,False,rt,3,1,-0.8440040278444044,0.9228398652363166,0.9228398652363166,0.03487365290452673,binomial,0.3333333333333333,False,tu,False,0,,"```python
def union_elements(test_tup1, test_tup2):
  union_values = tuple(sorted(set(test_tup1 + test_tup2)))
  return union_values
```",666,56,True,"def union_elements(test_tup1, test_tup2):
  union_values = tuple(sorted(set(test_tup1 + test_tup2)))
  return union_values"
458,0,3,0,3,100.0,True,True,,3,1,-0.8440040278444044,0.9228398652363166,0.9228398652363166,0.03487365290452673,binomial,0.3333333333333333,False,abl,3,2,0.32365113133868123,0.6105903395228512,0.6105903395228512,0.21425007118885986,binomial,0.6666666666666666,False,ahw,False,0,,"```python
def rectangle_area(width, height):
    area = width * height
    return area
```",516,28,True,"def rectangle_area(width, height):
    area = width * height
    return area"
87,0,3,0,3,100.0,True,True,,6,3,-0.36794506172925867,0.783360272121549,0.783360272121549,0.1060384573425148,binomial,0.5,False,cdm,6,3,-0.36794506172925867,0.783360272121549,0.783360272121549,0.1060384573425148,binomial,0.5,False,cdu,False,0,,"```python
import collections as ct
def merge_dictionaries_three(dict1,dict2, dict3):
    unified_collection = dict(ct.ChainMap({},dict1,dict2,dict3))
    return unified_collection
```",829,60,True,"import collections as ct
def merge_dictionaries_three(dict1,dict2, dict3):
    unified_collection = dict(ct.ChainMap({},dict1,dict2,dict3))
    return unified_collection"
438,0,2,1,3,66.66666666666666,False,False,"Assertion Error in: assert count_bidirectional([(5, 6), (1, 2), (6, 5), (9, 2), (6, 5), (2, 1)] ) == 4
",4,2,-0.30042588487118077,0.7899068732061714,0.7899068732061714,0.10242410723702858,binomial,0.5,False,irt,3,2,0.32365113133868123,0.6105903395228512,0.6105903395228512,0.21425007118885986,binomial,0.6666666666666666,False,ait,False,0,,"```python
def count_bidirectional(test_list):
  answer = 0
  for index in range(0, len(test_list)):
    for inner_index in range(index + 1, len(test_list)):
      if test_list[inner_index][0] == test_list[index][1] and test_list[index][0] == test_list[inner_index][1]:
        answer += 1
  return answer
```",711,112,True,"def count_bidirectional(test_list):
  answer = 0
  for index in range(0, len(test_list)):
    for inner_index in range(index + 1, len(test_list)):
      if test_list[inner_index][0] == test_list[index][1] and test_list[index][0] == test_list[inner_index][1]:
        answer += 1
  return answer"
170,0,3,0,3,100.0,True,True,,5,4,1.0208063453025353,0.2939715668530196,0.2939715668530196,0.5316946728395048,binomial,0.8,False,ilmns,3,3,1.4913062905217669,0.18938938902816768,0.18938938902816768,0.7226443569885367,binomial,1.0,False,ans,False,0,,"```python
def sum_range_list(numbers, start, count):                                                                                                                                                                                                
    accumulator = 0                                                                                                                                                                                                         
    for index in range(start, count+1, 1):                                                                                                                                                                                        
        accumulator += numbers[index]                                                                                                                                                                                                  
    return accumulator
```",701,108,True,"def sum_range_list(numbers, start, count):                                                                                                                                                                                                
    accumulator = 0                                                                                                                                                                                                         
    for index in range(start, count+1, 1):                                                                                                                                                                                        
        accumulator += numbers[index]                                                                                                                                                                                                  
    return accumulator"
612,0,3,0,3,100.0,True,True,,2,0,-1.6425128481997946,1.0,1.0,-0.0,binomial,0.0,False,el,2,2,1.2176464873270327,0.3297897058597289,0.3297897058597289,0.4817629046590245,binomial,1.0,False,i,False,0,,"```python
def merge(input_collection):  
    return [list(item) for item in list(zip(*input_collection))]
```",693,36,True,"def merge(input_collection):  
    return [list(item) for item in list(zip(*input_collection))]"
746,0,3,0,3,100.0,True,True,,4,2,-0.30042588487118077,0.7899068732061714,0.7899068732061714,0.10242410723702858,binomial,0.5,False,ampr,4,2,-0.30042588487118077,0.7899068732061714,0.7899068732061714,0.10242410723702858,binomial,0.5,False,ampr,False,0,,"```python
import math
def sector_area(radius, angle):
    if angle > 360:
        return None
    return (math.pi*radius**2) * (angle/360)
```",574,50,True,"import math
def sector_area(radius, angle):
    if angle > 360:
        return None
    return (math.pi*radius**2) * (angle/360)"
450,0,3,0,3,100.0,True,True,,3,0,-2.0116591870274902,1.0,1.0,-0.0,binomial,0.0,False,elr,3,2,0.32365113133868123,0.6105903395228512,0.6105903395228512,0.21425007118885986,binomial,0.6666666666666666,False,alw,False,0,,"```python
def extract_string(str, l):
    answer = [word for word in str if len(word) == l] 
    return answer
```",595,40,True,"def extract_string(str, l):
    answer = [word for word in str if len(word) == l] 
    return answer"
728,0,3,0,3,100.0,True,True,,4,1,-1.3116449155836956,0.9671508625796983,0.9671508625796983,0.01450577651100407,binomial,0.25,False,ilr,3,3,1.4913062905217669,0.18938938902816768,0.18938938902816768,0.7226443569885367,binomial,1.0,False,ao,False,0,,"```python
def sum_list(array1, array2):
    outcome = [array1[index] + array2[index] for index in range(len(array1))]
    return outcome
```",625,50,True,"def sum_list(array1, array2):
    outcome = [array1[index] + array2[index] for index in range(len(array1))]
    return outcome"
293,0,3,0,3,100.0,True,True,,5,4,1.0208063453025353,0.2939715668530196,0.2939715668530196,0.5316946728395048,binomial,0.8,False,hmsw,5,4,1.0208063453025353,0.2939715668530196,0.2939715668530196,0.5316946728395048,binomial,0.8,False,hmsw,False,0,,"```python
import math
def otherside_rightangle(w,h):
  sum_squares=math.sqrt((w*w)+(h*h))
  return sum_squares
```",557,48,True,"import math
def otherside_rightangle(w,h):
  sum_squares=math.sqrt((w*w)+(h*h))
  return sum_squares"
422,0,3,0,3,100.0,True,True,,2,2,1.2176464873270327,0.3297897058597289,0.3297897058597289,0.4817629046590245,binomial,1.0,False,in,3,3,1.4913062905217669,0.18938938902816768,0.18938938902816768,0.7226443569885367,binomial,1.0,False,acn,False,0,,"```python
def find_Average_Of_Cube(n):  
    accumulator = 0
    for counter in range(1, n + 1): 
        accumulator += counter * counter * counter  
    return round(accumulator / n, 6)
```",576,67,True,"def find_Average_Of_Cube(n):  
    accumulator = 0
    for counter in range(1, n + 1): 
        accumulator += counter * counter * counter  
    return round(accumulator / n, 6)"
474,0,3,0,3,100.0,True,True,,4,4,1.7220121765538488,0.10876125009104651,0.10876125009104651,0.9635258093180489,binomial,1.0,False,cns,4,4,1.7220121765538488,0.10876125009104651,0.10876125009104651,0.9635258093180489,binomial,1.0,False,cnos,False,0,,"```python
def replace_char(str1,ch,newch):
 output = str1.replace(ch, newch)
 return output
```",552,39,True,"def replace_char(str1,ch,newch):
 output = str1.replace(ch, newch)
 return output"
464,0,3,0,3,100.0,True,True,,3,1,-0.8440040278444044,0.9228398652363166,0.9228398652363166,0.03487365290452673,binomial,0.3333333333333333,False,nrx,3,3,1.4913062905217669,0.18938938902816768,0.18938938902816768,0.7226443569885367,binomial,1.0,False,anv,False,0,,"```python
def check_value(dict, n):
    answer = all(value == n for value in dict.values()) 
    return answer
```",649,38,True,"def check_value(dict, n):
    answer = all(value == n for value in dict.values()) 
    return answer"
251,0,3,0,3,100.0,True,True,,3,1,-0.8440040278444044,0.9228398652363166,0.9228398652363166,0.03487365290452673,binomial,0.3333333333333333,False,ev,4,4,1.7220121765538488,0.10876125009104651,0.10876125009104651,0.9635258093180489,binomial,1.0,False,inov,False,0,,"```python
def insert_element(original_items, new_item):
    original_items = [value for item in original_items for value in (new_item, item)]
    return original_items
```",622,51,True,"def insert_element(original_items, new_item):
    original_items = [value for item in original_items for value in (new_item, item)]
    return original_items"
429,0,3,0,3,100.0,True,True,,5,0,-2.597040843200874,1.0,1.0,-0.0,binomial,0.0,False,ert,5,3,0.116344548176683,0.6372271643192982,0.6372271643192982,0.19570571896237068,binomial,0.6,False,iot,False,0,,"```python
def and_tuples(test_tup1, test_tup2):
  output = tuple(item1 & item2 for item1, item2 in zip(test_tup1, test_tup2))
  return (output)
```",659,67,True,"def and_tuples(test_tup1, test_tup2):
  output = tuple(item1 & item2 for item1, item2 in zip(test_tup1, test_tup2))
  return (output)"
18,0,3,0,3,100.0,True,True,,13,7,-0.2611387688083829,0.7085138053230786,0.7085138053230786,0.1496516831480353,binomial,0.5384615384615384,False,gilnrstx,14,12,2.140551174283872,0.02604685935964998,0.02604685935964998,1.584244634936484,binomial,0.8571428571428571,False,acgilnosw,False,0,,"```python
NO_OF_CHARS = 256
def str_to_list(string): 
	workspace = [] 
	for character in string: 
		workspace.append(character) 
	return workspace 
def lst_to_string(array): 
	return ''.join(array) 
def get_char_count_array(string): 
	counts = [0] * NO_OF_CHARS 
	for character in string: 
		counts[ord(character)] += 1
	return counts 
def remove_dirty_chars(string, second_string): 
	counts = get_char_count_array(second_string) 
	input_index = 0
	output_index = 0
	current_char = '' 
	string_array = str_to_list(string) 
	while input_index != len(string_array): 
		current_char = string_array[input_index] 
		if counts[ord(current_char)] == 0: 
			string_array[output_index] = string_array[input_index] 
			output_index += 1
		input_index+=1
	return lst_to_string(string_array[0:output_index])
```",824,299,True,"NO_OF_CHARS = 256
def str_to_list(string): 
	workspace = [] 
	for character in string: 
		workspace.append(character) 
	return workspace 
def lst_to_string(array): 
	return ''.join(array) 
def get_char_count_array(string): 
	counts = [0] * NO_OF_CHARS 
	for character in string: 
		counts[ord(character)] += 1
	return counts 
def remove_dirty_chars(string, second_string): 
	counts = get_char_count_array(second_string) 
	input_index = 0
	output_index = 0
	current_char = '' 
	string_array = str_to_list(string) 
	while input_index != len(string_array): 
		current_char = string_array[input_index] 
		if counts[ord(current_char)] == 0: 
			string_array[output_index] = string_array[input_index] 
			output_index += 1
		input_index+=1
	return lst_to_string(string_array[0:output_index])"
770,0,3,0,3,100.0,True,True,,4,4,1.7220121765538488,0.10876125009104651,0.10876125009104651,0.9635258093180489,binomial,1.0,False,ijns,3,3,1.4913062905217669,0.18938938902816768,0.18938938902816768,0.7226443569885367,binomial,1.0,False,anv,False,0,,"```python
def odd_num_sum(n) : 
    value = 0
    answer = 0
    for count in range(1, n + 1) : 
        value = (2 * count - 1) 
        answer = answer + (value * value * value * value)   
    return answer
```",582,81,True,"def odd_num_sum(n) : 
    value = 0
    answer = 0
    for count in range(1, n + 1) : 
        value = (2 * count - 1) 
        answer = answer + (value * value * value * value)   
    return answer"
305,0,3,0,3,100.0,True,True,,5,4,1.0208063453025353,0.2939715668530196,0.2939715668530196,0.5316946728395048,binomial,0.8,False,gmw,4,3,0.710793145841334,0.4312738058395311,0.4312738058395311,0.3652469186794891,binomial,0.75,False,gmw,False,0,,"```python
import re
def start_withp(words):
 for word in words:
        match = re.match(""(P\w+)\W(P\w+)"", word)
        if match:
            return match.groups()
```",608,61,True,"import re
def start_withp(words):
 for word in words:
        match = re.match(""(P\w+)\W(P\w+)"", word)
        if match:
            return match.groups()"
57,0,3,0,3,100.0,True,True,,4,4,1.7220121765538488,0.10876125009104651,0.10876125009104651,0.9635258093180489,binomial,1.0,False,ain,2,2,1.2176464873270327,0.3297897058597289,0.3297897058597289,0.4817629046590245,binomial,1.0,False,av,False,0,,"```python
def find_Max_Num(arr) : 
    count = len(arr)
    arr.sort(reverse = True) 
    value = arr[0] 
    for index in range(1,count) : 
        value = value * 10 + arr[index] 
    return value
```",605,80,True,"def find_Max_Num(arr) : 
    count = len(arr)
    arr.sort(reverse = True) 
    value = arr[0] 
    for index in range(1,count) : 
        value = value * 10 + arr[index] 
    return value"
452,0,3,0,3,100.0,True,True,,3,3,1.4913062905217669,0.18938938902816768,0.18938938902816768,0.7226443569885367,binomial,1.0,False,as,3,3,1.4913062905217669,0.18938938902816768,0.18938938902816768,0.7226443569885367,binomial,1.0,False,asv,False,0,,"```python
def loss_amount(actual_cost, sale_amount): 
    if(sale_amount > actual_cost):
        value = sale_amount - actual_cost
        return value
    else:
        return 0
```",561,58,True,"def loss_amount(actual_cost, sale_amount): 
    if(sale_amount > actual_cost):
        value = sale_amount - actual_cost
        return value
    else:
        return 0"
11,0,3,0,3,100.0,True,True,,3,3,1.4913062905217669,0.18938938902816768,0.18938938902816768,0.7226443569885367,binomial,1.0,False,cis,2,2,1.2176464873270327,0.3297897058597289,0.3297897058597289,0.4817629046590245,binomial,1.0,False,cs,False,0,,"```python
def remove_Occ(s,ch): 
    for index in range(len(s)): 
        if (s[index] == ch): 
            s = s[0 : index] + s[index + 1:] 
            break
    for index in range(len(s) - 1,-1,-1):  
        if (s[index] == ch): 
            s = s[0 : index] + s[index + 1:] 
            break
    return s
```",644,129,True,"def remove_Occ(s,ch): 
    for index in range(len(s)): 
        if (s[index] == ch): 
            s = s[0 : index] + s[index + 1:] 
            break
    for index in range(len(s) - 1,-1,-1):  
        if (s[index] == ch): 
            s = s[0 : index] + s[index + 1:] 
            break
    return s"
160,0,3,0,3,100.0,True,True,,4,3,0.710793145841334,0.4312738058395311,0.4312738058395311,0.3652469186794891,binomial,0.75,False,abin,4,3,0.710793145841334,0.4312738058395311,0.4312738058395311,0.3652469186794891,binomial,0.75,False,abcn,False,0,,"```python
def find_solution(a, b, n):
	counter = 0
	while counter * a <= n:
		if (n - (counter * a)) % b == 0: 
			return (counter, (n - (counter * a)) // b)
		counter = counter + 1
	return None
```",611,81,True,"def find_solution(a, b, n):
	counter = 0
	while counter * a <= n:
		if (n - (counter * a)) % b == 0: 
			return (counter, (n - (counter * a)) // b)
		counter = counter + 1
	return None"
725,0,4,0,4,100.0,True,True,,2,0,-1.6425128481997946,1.0,1.0,-0.0,binomial,0.0,False,ft,2,0,-1.6425128481997946,1.0,1.0,-0.0,binomial,0.0,False,ft,False,0,,"```python
import re
def extract_quotation(text1):
  return (re.findall(r'""(.*?)""', text1))
```",631,39,True,"import re
def extract_quotation(text1):
  return (re.findall(r'""(.*?)""', text1))"
478,0,3,0,3,100.0,True,True,,2,2,1.2176464873270327,0.3297897058597289,0.3297897058597289,0.4817629046590245,binomial,1.0,False,s,2,2,1.2176464873270327,0.3297897058597289,0.3297897058597289,0.4817629046590245,binomial,1.0,False,is,False,0,,"```python
import re
def remove_lowercase(input_string):
    return re.sub('[a-z]', '', input_string)
```",543,37,True,"import re
def remove_lowercase(input_string):
    return re.sub('[a-z]', '', input_string)"
71,0,3,0,3,100.0,True,True,,5,4,1.0208063453025353,0.2939715668530196,0.2939715668530196,0.5316946728395048,binomial,0.8,False,gins,4,4,1.7220121765538488,0.10876125009104651,0.10876125009104651,0.9635258093180489,binomial,1.0,False,nsw,False,0,,"```python
def comb_sort(nums):
    shrink_value = 1.3
    spacing = len(nums)
    was_swapped = True
    index = 0
    while spacing > 1 or was_swapped:
        spacing = int(float(spacing) / shrink_value)
        was_swapped = False
        index = 0
        while spacing + index < len(nums):
            if nums[index] > nums[index+spacing]:
                nums[index], nums[index+spacing] = nums[index+spacing], nums[index]
                was_swapped = True
            index += 1
    return nums
```",710,159,True,"def comb_sort(nums):
    shrink_value = 1.3
    spacing = len(nums)
    was_swapped = True
    index = 0
    while spacing > 1 or was_swapped:
        spacing = int(float(spacing) / shrink_value)
        was_swapped = False
        index = 0
        while spacing + index < len(nums):
            if nums[index] > nums[index+spacing]:
                nums[index], nums[index+spacing] = nums[index+spacing], nums[index]
                was_swapped = True
            index += 1
    return nums"
788,0,3,0,3,100.0,True,True,,2,0,-1.6425128481997946,1.0,1.0,-0.0,binomial,0.0,False,t,2,2,1.2176464873270327,0.3297897058597289,0.3297897058597289,0.4817629046590245,binomial,1.0,False,is,False,0,,"```python
def new_tuple(input_sequence, string_value):
    return tuple(input_sequence + [string_value])
```",579,35,True,"def new_tuple(input_sequence, string_value):
    return tuple(input_sequence + [string_value])"
310,0,3,0,3,100.0,True,True,,4,2,-0.30042588487118077,0.7899068732061714,0.7899068732061714,0.10242410723702858,binomial,0.5,False,irsx,4,4,1.7220121765538488,0.10876125009104651,0.10876125009104651,0.9635258093180489,binomial,1.0,False,cios,False,0,,"```python
def string_to_tuple(str1):
    output = tuple(char for char in str1 if not char.isspace()) 
    return output
```",601,43,True,"def string_to_tuple(str1):
    output = tuple(char for char in str1 if not char.isspace()) 
    return output"
292,0,3,0,3,100.0,True,True,,3,2,0.32365113133868123,0.6105903395228512,0.6105903395228512,0.21425007118885986,binomial,0.6666666666666666,False,mnq,3,2,0.32365113133868123,0.6105903395228512,0.6105903395228512,0.21425007118885986,binomial,0.6666666666666666,False,mnq,False,0,,"```python
def find(num, mod):
    quotient = num//mod
    return (quotient)
```",526,30,True,"def find(num, mod):
    quotient = num//mod
    return (quotient)"
444,0,3,0,3,100.0,True,True,,5,2,-0.7881172489491692,0.8916933457974202,0.8916933457974202,0.049784474239873325,binomial,0.4,False,eknrt,4,3,0.710793145841334,0.4312738058395311,0.4312738058395311,0.3652469186794891,binomial,0.75,False,aikt,False,0,,"```python
def trim_tuple(test_list, K):
  answer = []
  for item in test_list:
    count = len(item)
    answer.append(tuple(list(item)[K: count - K]))
  return (str(answer))
```",808,67,True,"def trim_tuple(test_list, K):
  answer = []
  for item in test_list:
    count = len(item)
    answer.append(tuple(list(item)[K: count - K]))
  return (str(answer))"
413,0,3,0,3,100.0,True,True,,4,1,-1.3116449155836956,0.9671508625796983,0.9671508625796983,0.01450577651100407,binomial,0.25,False,lnrx,4,3,0.710793145841334,0.4312738058395311,0.4312738058395311,0.3652469186794891,binomial,0.75,False,ailn,False,0,,"```python
def extract_nth_element(list1, n):
    answer = [item[n] for item in list1]
    return answer
```",751,39,True,"def extract_nth_element(list1, n):
    answer = [item[n] for item in list1]
    return answer"
250,0,3,0,3,100.0,True,True,,3,0,-2.0116591870274902,1.0,1.0,-0.0,binomial,0.0,False,etx,3,1,-0.8440040278444044,0.9228398652363166,0.9228398652363166,0.03487365290452673,binomial,0.3333333333333333,False,itx,False,0,,"```python
def count_X(tup, x): 
    count = 0
    for item in tup: 
        if (item == x): 
            count = count + 1
    return count
```",664,55,True,"def count_X(tup, x): 
    count = 0
    for item in tup: 
        if (item == x): 
            count = count + 1
    return count"
620,0,3,0,3,100.0,True,True,,6,5,1.2833687005623764,0.1954103220210058,0.1954103220210058,0.7090524995815906,binomial,0.8333333333333334,False,adijmn,3,3,1.4913062905217669,0.18938938902816768,0.18938938902816768,0.7226443569885367,binomial,1.0,False,amn,False,0,,"```python
def largest_subset(a):
	count = len(a)
	values = [0 for index in range(count)]
	values[count - 1] = 1; 
	for index in range(count - 2, -1, -1):
		max_value = 0;
		for next_index in range(index + 1, count):
			if a[next_index] % a[index] == 0 or a[index] % a[next_index] == 0:
				max_value = max(max_value, values[next_index])
		values[index] = 1 + max_value
	return max(values)
```",706,167,True,"def largest_subset(a):
	count = len(a)
	values = [0 for index in range(count)]
	values[count - 1] = 1; 
	for index in range(count - 2, -1, -1):
		max_value = 0;
		for next_index in range(index + 1, count):
			if a[next_index] % a[index] == 0 or a[index] % a[next_index] == 0:
				max_value = max(max_value, values[next_index])
		values[index] = 1 + max_value
	return max(values)"
629,0,3,0,3,100.0,True,True,,1,1,0.8610060882769244,0.5742731979291118,0.5742731979291118,0.24088145232951227,binomial,1.0,False,n,2,2,1.2176464873270327,0.3297897058597289,0.3297897058597289,0.4817629046590245,binomial,1.0,False,nv,False,0,,"```python
def Split(numbers): 
    return [value for value in numbers if value % 2 == 0]
```",557,33,True,"def Split(numbers): 
    return [value for value in numbers if value % 2 == 0]"
781,0,3,0,3,100.0,True,True,,4,4,1.7220121765538488,0.10876125009104651,0.10876125009104651,0.9635258093180489,binomial,1.0,False,imns,4,4,1.7220121765538488,0.10876125009104651,0.10876125009104651,0.9635258093180489,binomial,1.0,False,amns,False,0,,"```python
import math 
def count_divisors(n) : 
    accumulator = 0
    for index in range(1, (int)(math.sqrt(n)) + 2) : 
        if (n % index == 0) : 
            if( n // index == index) : 
                accumulator = accumulator + 1
            else : 
                accumulator = accumulator + 2
    return accumulator % 2 == 0
```",623,115,True,"import math 
def count_divisors(n) : 
    accumulator = 0
    for index in range(1, (int)(math.sqrt(n)) + 2) : 
        if (n % index == 0) : 
            if( n // index == index) : 
                accumulator = accumulator + 1
            else : 
                accumulator = accumulator + 2
    return accumulator % 2 == 0"
64,0,3,0,3,100.0,True,True,,2,1,-0.21243318043638093,0.8187566899984948,0.8187566899984948,0.08684513839856028,binomial,0.5,False,sx,2,2,1.2176464873270327,0.3297897058597289,0.3297897058597289,0.4817629046590245,binomial,1.0,False,s,False,0,,"```python
def subject_marks(subjectmarks):
    # Sort tuples by second value using lambda
    subjectmarks.sort(key = lambda score_item: score_item[1])
    return subjectmarks
```",678,55,True,"def subject_marks(subjectmarks):
    # Sort tuples by second value using lambda
    subjectmarks.sort(key = lambda score_item: score_item[1])
    return subjectmarks"
735,0,5,0,5,100.0,True,True,,2,2,1.2176464873270327,0.3297897058597289,0.3297897058597289,0.4817629046590245,binomial,1.0,False,ns,2,2,1.2176464873270327,0.3297897058597289,0.3297897058597289,0.4817629046590245,binomial,1.0,False,ns,False,0,,"```python
def set_middle_bits(num):  
    num |= num >> 1; 
    num |= num >> 2; 
    num |= num >> 4; 
    num |= num >> 8; 
    num |= num >> 16;  
    return (num >> 1) ^ 1

def toggle_middle_bits(num): 
    if (num == 1): 
        return 1
    return num ^ set_middle_bits(num)
```",694,124,True,"def set_middle_bits(num):  
    num |= num >> 1; 
    num |= num >> 2; 
    num |= num >> 4; 
    num |= num >> 8; 
    num |= num >> 16;  
    return (num >> 1) ^ 1

def toggle_middle_bits(num): 
    if (num == 1): 
        return 1
    return num ^ set_middle_bits(num)"
473,0,3,0,3,100.0,True,True,,4,0,-2.32286394629621,1.0,1.0,-0.0,binomial,0.0,False,ert,4,2,-0.30042588487118077,0.7899068732061714,0.7899068732061714,0.10242410723702858,binomial,0.5,False,iot,False,0,,"```python
def tuple_intersection(test_list1, test_list2):
  output = set([tuple(sorted(item)) for item in test_list1]) & set([tuple(sorted(item)) for item in test_list2])
  return (output)
```",748,66,True,"def tuple_intersection(test_list1, test_list2):
  output = set([tuple(sorted(item)) for item in test_list1]) & set([tuple(sorted(item)) for item in test_list2])
  return (output)"
468,0,3,0,3,100.0,True,True,,6,6,2.109025581708194,0.03586834067646264,0.03586834067646264,1.4452887139770734,binomial,1.0,False,acijmn,6,6,2.109025581708194,0.03586834067646264,0.03586834067646264,1.4452887139770734,binomial,1.0,False,aijmno,False,0,,"```python
def max_product(arr):   
  n = len(arr)
  max_value_array = arr[:]
  for i in range(n): 
    ongoing_value = arr[i]
    j = i + 1
    while j < n:
      if arr[j-1] > arr[j]: 
        break
      ongoing_value *= arr[j]
      if ongoing_value > max_value_array[j]:
        max_value_array[j] = ongoing_value 
      j = j + 1
  return max(max_value_array)
```",686,147,True,"def max_product(arr):   
  n = len(arr)
  max_value_array = arr[:]
  for i in range(n): 
    ongoing_value = arr[i]
    j = i + 1
    while j < n:
      if arr[j-1] > arr[j]: 
        break
      ongoing_value *= arr[j]
      if ongoing_value > max_value_array[j]:
        max_value_array[j] = ongoing_value 
      j = j + 1
  return max(max_value_array)"
117,0,3,0,3,100.0,True,True,,6,1,-2.0192588240208935,0.9940463136032502,0.9940463136032502,0.002593380920833809,binomial,0.16666666666666666,False,eirt,5,4,1.0208063453025353,0.2939715668530196,0.2939715668530196,0.5316946728395048,binomial,0.8,False,aitv,False,0,,"```python
def list_to_float(test_list):
  answer = []
  for item in test_list:
    values = []
    for value in item:
      if value.isalpha():
        values.append(value)
      else:
        values.append(float(value))
    answer.append((values[0], values[1])) 
  return answer
```",799,96,True,"def list_to_float(test_list):
  answer = []
  for item in test_list:
    values = []
    for value in item:
      if value.isalpha():
        values.append(value)
      else:
        values.append(float(value))
    answer.append((values[0], values[1])) 
  return answer"
784,0,3,0,3,100.0,True,True,,4,0,-2.32286394629621,1.0,1.0,-0.0,binomial,0.0,False,efl,4,3,0.710793145841334,0.4312738058395311,0.4312738058395311,0.3652469186794891,binomial,0.75,False,iln,False,0,,"```python
def mul_even_odd(list1):
    initial_even = next((num for num in list1 if num%2==0),-1)
    initial_odd = next((num for num in list1 if num%2!=0),-1)
    return (initial_even*initial_odd)
```",618,80,True,"def mul_even_odd(list1):
    initial_even = next((num for num in list1 if num%2==0),-1)
    initial_odd = next((num for num in list1 if num%2!=0),-1)
    return (initial_even*initial_odd)"
389,0,3,0,3,100.0,True,True,,2,1,-0.21243318043638093,0.8187566899984948,0.8187566899984948,0.08684513839856028,binomial,0.5,False,fn,2,1,-0.21243318043638093,0.8187566899984948,0.8187566899984948,0.08684513839856028,binomial,0.5,False,fn,False,0,,"```python
def find_lucas(n): 
	if (n == 0): 
		return 2
	if (n == 1): 
		return 1
	return find_lucas(n - 1) + find_lucas(n - 2)
```",558,68,True,"def find_lucas(n): 
	if (n == 0): 
		return 2
	if (n == 1): 
		return 1
	return find_lucas(n - 1) + find_lucas(n - 2)"
584,0,3,0,3,100.0,True,True,,6,2,-1.1936019428750761,0.9458598826353558,0.9458598826353558,0.024173194153502164,binomial,0.3333333333333333,False,efgmst,6,3,-0.36794506172925867,0.783360272121549,0.783360272121549,0.1060384573425148,binomial,0.5,False,efgms,False,0,,"```python
import re
def find_adverbs(sentence):
  for match in re.finditer(r""\w+ly"", sentence):
    return ('%d-%d: %s' % (match.start(), match.end(), match.group(0)))
```",607,66,True,"import re
def find_adverbs(sentence):
  for match in re.finditer(r""\w+ly"", sentence):
    return ('%d-%d: %s' % (match.start(), match.end(), match.group(0)))"
432,0,3,0,3,100.0,True,True,,4,1,-1.3116449155836956,0.9671508625796983,0.9671508625796983,0.01450577651100407,binomial,0.25,False,bhm,4,1,-1.3116449155836956,0.9671508625796983,0.9671508625796983,0.01450577651100407,binomial,0.25,False,bhm,False,0,,"```python
def median_trapezium(base1,base2,height):
 median = 0.5 * (base1+ base2)
 return median
```",549,44,True,"def median_trapezium(base1,base2,height):
 median = 0.5 * (base1+ base2)
 return median"
773,0,4,0,4,100.0,True,True,,8,3,-1.1399061947544686,0.9322993042472101,0.9322993042472101,0.030444639882674842,binomial,0.375,False,efmpst,8,3,-1.1399061947544686,0.9322993042472101,0.9322993042472101,0.030444639882674842,binomial,0.375,False,efmpst,False,0,,"```python
import re
def occurance_substring(text,pattern):
 for match_obj in re.finditer(pattern, text):
    start_idx = match_obj.start()
    end_idx = match_obj.end()
    return (text[start_idx:end_idx], start_idx, end_idx)
```",629,83,True,"import re
def occurance_substring(text,pattern):
 for match_obj in re.finditer(pattern, text):
    start_idx = match_obj.start()
    end_idx = match_obj.end()
    return (text[start_idx:end_idx], start_idx, end_idx)"
111,0,3,0,3,100.0,True,True,,3,2,0.32365113133868123,0.6105903395228512,0.6105903395228512,0.21425007118885986,binomial,0.6666666666666666,False,inr,3,3,1.4913062905217669,0.18938938902816768,0.18938938902816768,0.7226443569885367,binomial,1.0,False,ain,False,0,,"```python
def common_in_nested_lists(nestedlist):
    answer = list(set.intersection(*map(set, nestedlist)))
    return answer
```",690,43,True,"def common_in_nested_lists(nestedlist):
    answer = list(set.intersection(*map(set, nestedlist)))
    return answer"
562,0,3,0,3,100.0,True,True,,3,1,-0.8440040278444044,0.9228398652363166,0.9228398652363166,0.03487365290452673,binomial,0.3333333333333333,False,lmx,3,3,1.4913062905217669,0.18938938902816768,0.18938938902816768,0.7226443569885367,binomial,1.0,False,cms,False,0,,"```python
def Find_Max_Length(collection):  
    maxSize = max(len(subArray) for subArray in collection )
    return maxSize
```",585,41,True,"def Find_Max_Length(collection):  
    maxSize = max(len(subArray) for subArray in collection )
    return maxSize"
271,0,3,0,3,100.0,True,True,,3,3,1.4913062905217669,0.18938938902816768,0.18938938902816768,0.7226443569885367,binomial,1.0,False,ijn,3,3,1.4913062905217669,0.18938938902816768,0.18938938902816768,0.7226443569885367,binomial,1.0,False,anv,False,0,,"```python
def even_Power_Sum(n): 
    answer = 0; 
    for count in range(1,n+1): 
        value = 2*count; 
        answer = answer + (value*value*value*value*value); 
    return answer;
```",588,73,True,"def even_Power_Sum(n): 
    answer = 0; 
    for count in range(1,n+1): 
        value = 2*count; 
        answer = answer + (value*value*value*value*value); 
    return answer;"
267,0,3,0,3,100.0,True,True,,1,1,0.8610060882769244,0.5742731979291118,0.5742731979291118,0.24088145232951227,binomial,1.0,False,n,0,0,0.0,1.0,1.0,0.0,binomial,0.0,False,,False,0,,"```python
def square_Sum(count):  
    return int(count*(4*count*count-1)/3)
```",536,33,True,"def square_Sum(count):  
    return int(count*(4*count*count-1)/3)"
573,0,3,0,3,100.0,True,True,,4,1,-1.3116449155836956,0.9671508625796983,0.9671508625796983,0.01450577651100407,binomial,0.25,False,ilpt,4,3,0.710793145841334,0.4312738058395311,0.4312738058395311,0.3652469186794891,binomial,0.75,False,louv,False,0,,"```python
def unique_product(list_data):
    uniques = list(set(list_data))
    outcome = 1
    for value in uniques:
        outcome *= value
    return outcome
```",593,53,True,"def unique_product(list_data):
    uniques = list(set(list_data))
    outcome = 1
    for value in uniques:
        outcome *= value
    return outcome"
615,0,3,0,3,100.0,True,True,,3,1,-0.8440040278444044,0.9228398652363166,0.9228398652363166,0.03487365290452673,binomial,0.3333333333333333,False,nrx,3,3,1.4913062905217669,0.18938938902816768,0.18938938902816768,0.7226443569885367,binomial,1.0,False,acn,False,0,,"```python
def average_tuple(nums):
    answer = [sum(column) / len(column) for column in zip(*nums)]
    return answer
```",714,40,True,"def average_tuple(nums):
    answer = [sum(column) / len(column) for column in zip(*nums)]
    return answer"
273,0,3,0,3,100.0,True,True,,5,2,-0.7881172489491692,0.8916933457974202,0.8916933457974202,0.049784474239873325,binomial,0.4,False,ijrt,5,3,0.116344548176683,0.6372271643192982,0.6372271643192982,0.19570571896237068,binomial,0.6,False,ajot,False,0,,"```python
def substract_elements(test_tup1, test_tup2):
  output = tuple(map(lambda a, j: a - j, test_tup1, test_tup2))
  return (output)
```",639,61,True,"def substract_elements(test_tup1, test_tup2):
  output = tuple(map(lambda a, j: a - j, test_tup1, test_tup2))
  return (output)"
430,0,3,0,3,100.0,True,True,,4,2,-0.30042588487118077,0.7899068732061714,0.7899068732061714,0.10242410723702858,binomial,0.5,False,abcd,4,3,0.710793145841334,0.4312738058395311,0.4312738058395311,0.3652469186794891,binomial,0.75,False,abcv,False,0,,"```python
def parabola_directrix(a, b, c): 
  value = ((int)(c - ((b * b) + 1) * 4 * a ))
  return value
```",564,52,True,"def parabola_directrix(a, b, c): 
  value = ((int)(c - ((b * b) + 1) * 4 * a ))
  return value"
766,0,4,0,4,100.0,True,True,,6,3,-0.36794506172925867,0.783360272121549,0.783360272121549,0.1060384573425148,binomial,0.5,False,cilntx,5,3,0.116344548176683,0.6372271643192982,0.6372271643192982,0.19570571896237068,binomial,0.6,False,clnop,False,0,,"```python
def pair_wise(l1):
    output = []
    for index in range(len(l1) - 1):
        current_item, next_item = l1[index], l1[index + 1]
        pair = (current_item, next_item)
        output.append(pair)
    return output
```",775,85,True,"def pair_wise(l1):
    output = []
    for index in range(len(l1) - 1):
        current_item, next_item = l1[index], l1[index + 1]
        pair = (current_item, next_item)
        output.append(pair)
    return output"
115,0,3,0,3,100.0,True,True,,3,0,-2.0116591870274902,1.0,1.0,-0.0,binomial,0.0,False,del,3,1,-0.8440040278444044,0.9228398652363166,0.9228398652363166,0.03487365290452673,binomial,0.3333333333333333,False,eil,False,0,,"```python
def empty_dit(list1):
    empty_dit = all(not item for item in list1)
    return empty_dit
```",537,38,True,"def empty_dit(list1):
    empty_dit = all(not item for item in list1)
    return empty_dit"
166,0,3,0,3,100.0,True,True,,3,3,1.4913062905217669,0.18938938902816768,0.18938938902816768,0.7226443569885367,binomial,1.0,False,aij,2,2,1.2176464873270327,0.3297897058597289,0.3297897058597289,0.4817629046590245,binomial,1.0,False,an,False,0,,"```python
def find_even_pair(A): 
  count = 0
  for index in range(0, len(A)): 
    for next_index in range(index+1, len(A)): 
        if ((A[index] ^ A[next_index]) % 2 == 0): 
          count += 1

  return count
```",629,92,True,"def find_even_pair(A): 
  count = 0
  for index in range(0, len(A)): 
    for next_index in range(index+1, len(A)): 
        if ((A[index] ^ A[next_index]) % 2 == 0): 
          count += 1

  return count"
465,0,3,0,3,100.0,True,True,,3,2,0.32365113133868123,0.6105903395228512,0.6105903395228512,0.21425007118885986,binomial,0.6666666666666666,False,dkv,3,2,0.32365113133868123,0.6105903395228512,0.6105903395228512,0.21425007118885986,binomial,0.6666666666666666,False,dkv,False,0,,"```python
def drop_empty(dict1):
  dict1 = {key:value for (key, value) in dict1.items() if value is not None}
  return dict1
```",626,49,True,"def drop_empty(dict1):
  dict1 = {key:value for (key, value) in dict1.items() if value is not None}
  return dict1"
456,0,3,0,3,100.0,True,True,,3,1,-0.8440040278444044,0.9228398652363166,0.9228398652363166,0.03487365290452673,binomial,0.3333333333333333,False,rsx,3,3,1.4913062905217669,0.18938938902816768,0.18938938902816768,0.7226443569885367,binomial,1.0,False,asv,False,0,,"```python
def reverse_string_list(stringlist):
    answer = [value[::-1] for value in stringlist]
    return answer
```",610,38,True,"def reverse_string_list(stringlist):
    answer = [value[::-1] for value in stringlist]
    return answer"
69,0,3,0,3,100.0,True,True,,5,4,1.0208063453025353,0.2939715668530196,0.2939715668530196,0.5316946728395048,binomial,0.8,False,ilns,4,3,0.710793145841334,0.4312738058395311,0.4312738058395311,0.3652469186794891,binomial,0.75,False,acls,False,0,,"```python
def is_sublist(l, s):
	answer = False
	if s == []:
		answer = True
	elif s == l:
		answer = True
	elif len(s) > len(l):
		answer = False
	else:
		for index in range(len(l)):
			if l[index] == s[0]:
				counter = 1
				while (counter < len(s)) and (l[index+counter] == s[counter]):
					counter += 1				
				if counter == len(s):
					answer = True
	return answer
```",686,145,True,"def is_sublist(l, s):
	answer = False
	if s == []:
		answer = True
	elif s == l:
		answer = True
	elif len(s) > len(l):
		answer = False
	else:
		for index in range(len(l)):
			if l[index] == s[0]:
				counter = 1
				while (counter < len(s)) and (l[index+counter] == s[counter]):
					counter += 1				
				if counter == len(s):
					answer = True
	return answer"
61,0,3,0,3,100.0,True,True,,5,4,1.0208063453025353,0.2939715668530196,0.2939715668530196,0.5316946728395048,binomial,0.8,False,dimns,6,5,1.2833687005623764,0.1954103220210058,0.1954103220210058,0.7090524995815906,binomial,0.8333333333333334,False,acdnos,False,0,,"```python
from collections import defaultdict
def count_Substrings(s):
    n = len(s)
    answer, current_sum = 0, 0
    occurrence_map = defaultdict(lambda : 0)
    occurrence_map[0] += 1
    for index in range(n):
        current_sum += ord(s[index]) - ord('0')
        answer += occurrence_map[current_sum - (index + 1)]
        occurrence_map[current_sum - (index + 1)] += 1
    return answer
```",631,137,True,"from collections import defaultdict
def count_Substrings(s):
    n = len(s)
    answer, current_sum = 0, 0
    occurrence_map = defaultdict(lambda : 0)
    occurrence_map[0] += 1
    for index in range(n):
        current_sum += ord(s[index]) - ord('0')
        answer += occurrence_map[current_sum - (index + 1)]
        occurrence_map[current_sum - (index + 1)] += 1
    return answer"
595,0,3,0,3,100.0,True,True,,3,3,1.4913062905217669,0.18938938902816768,0.18938938902816768,0.7226443569885367,binomial,1.0,False,is,3,3,1.4913062905217669,0.18938938902816768,0.18938938902816768,0.7226443569885367,binomial,1.0,False,sv,False,0,,"```python
def min_Swaps(str1,str2) : 
    variations = 0
    for index in range(len(str1)) :  
        if str1[index] != str2[index] : 
            variations += 1
    if variations % 2 == 0 : 
        return (variations // 2) 
    else : 
        return (""Not Possible"")
```",624,102,True,"def min_Swaps(str1,str2) : 
    variations = 0
    for index in range(len(str1)) :  
        if str1[index] != str2[index] : 
            variations += 1
    if variations % 2 == 0 : 
        return (variations // 2) 
    else : 
        return (""Not Possible"")"
581,0,3,0,3,100.0,True,True,,2,1,-0.21243318043638093,0.8187566899984948,0.8187566899984948,0.08684513839856028,binomial,0.5,False,bs,2,2,1.2176464873270327,0.3297897058597289,0.3297897058597289,0.4817629046590245,binomial,1.0,False,cw,False,0,,"```python
def surface_Area(core_size, wall_span): 
    return 2 * core_size * wall_span + pow(core_size, 2)
```",540,46,True,"def surface_Area(core_size, wall_span): 
    return 2 * core_size * wall_span + pow(core_size, 2)"
98,0,3,0,3,100.0,True,True,,3,1,-0.8440040278444044,0.9228398652363166,0.9228398652363166,0.03487365290452673,binomial,0.3333333333333333,False,ntx,2,2,1.2176464873270327,0.3297897058597289,0.3297897058597289,0.4817629046590245,binomial,1.0,False,nv,False,0,,"```python
def multiply_num(numbers):  
    count = 1
    for value in numbers:
        count *= value  
    return count/len(numbers)
```",613,44,True,"def multiply_num(numbers):  
    count = 1
    for value in numbers:
        count *= value  
    return count/len(numbers)"
625,0,3,0,3,100.0,True,True,,3,2,0.32365113133868123,0.6105903395228512,0.6105903395228512,0.21425007118885986,binomial,0.6666666666666666,False,nst,2,2,1.2176464873270327,0.3297897058597289,0.3297897058597289,0.4817629046590245,binomial,1.0,False,nv,False,0,,"```python
def swap_List(newList): 
    count = len(newList) 
    value = newList[0] 
    newList[0] = newList[count - 1] 
    newList[count - 1] = value   
    return newList
```",601,72,True,"def swap_List(newList): 
    count = len(newList) 
    value = newList[0] 
    newList[0] = newList[count - 1] 
    newList[count - 1] = value   
    return newList"
457,0,3,0,3,100.0,True,True,,1,0,-1.161431973148105,1.0,1.0,-0.0,binomial,0.0,False,l,1,1,0.8610060882769244,0.5742731979291118,0.5742731979291118,0.24088145232951227,binomial,1.0,False,c,False,0,,"```python
def Find_Min(collection): 
    return min(collection, key=len)
```",565,27,True,"def Find_Min(collection): 
    return min(collection, key=len)"
249,0,3,0,3,100.0,True,True,,4,2,-0.30042588487118077,0.7899068732061714,0.7899068732061714,0.10242410723702858,binomial,0.5,False,arx,4,3,0.710793145841334,0.4312738058395311,0.4312738058395311,0.3652469186794891,binomial,0.75,False,ax,False,0,,"```python
def intersection_array(array_nums1,array_nums2):
 answer = list(filter(lambda x: x in array_nums1, array_nums2)) 
 return answer
```",650,51,True,"def intersection_array(array_nums1,array_nums2):
 answer = list(filter(lambda x: x in array_nums1, array_nums2)) 
 return answer"
776,0,3,0,3,100.0,True,True,,4,2,-0.30042588487118077,0.7899068732061714,0.7899068732061714,0.10242410723702858,binomial,0.5,False,irtv,3,2,0.32365113133868123,0.6105903395228512,0.6105903395228512,0.21425007118885986,binomial,0.6666666666666666,False,atv,False,0,,"```python
def count_vowels(test_str):
  answer = 0
  vowel_chars = ['a', 'e', 'i', 'o', 'u']
  for index in range(1, len(test_str) - 1):
    if test_str[index] not in vowel_chars and (test_str[index - 1] in vowel_chars or test_str[index + 1] in vowel_chars):
      answer += 1
  if test_str[0] not in vowel_chars and test_str[1] in vowel_chars:
    answer += 1
  if test_str[-1] not in vowel_chars and test_str[-2] in vowel_chars:
    answer += 1
  return (answer)
```",709,196,True,"def count_vowels(test_str):
  answer = 0
  vowel_chars = ['a', 'e', 'i', 'o', 'u']
  for index in range(1, len(test_str) - 1):
    if test_str[index] not in vowel_chars and (test_str[index - 1] in vowel_chars or test_str[index + 1] in vowel_chars):
      answer += 1
  if test_str[0] not in vowel_chars and test_str[1] in vowel_chars:
    answer += 1
  if test_str[-1] not in vowel_chars and test_str[-2] in vowel_chars:
    answer += 1
  return (answer)"
454,0,3,0,3,100.0,True,True,,3,1,-0.8440040278444044,0.9228398652363166,0.9228398652363166,0.03487365290452673,binomial,0.3333333333333333,False,pst,2,2,1.2176464873270327,0.3297897058597289,0.3297897058597289,0.4817629046590245,binomial,1.0,False,ms,False,0,,"```python
import re
def text_match_wordz(input):
        match_pattern = '\w*z.\w*'
        if re.search(match_pattern, input):
                return True
        else:
                return False
```",557,60,True,"import re
def text_match_wordz(input):
        match_pattern = '\w*z.\w*'
        if re.search(match_pattern, input):
                return True
        else:
                return False"
171,0,3,0,3,100.0,True,True,,2,1,-0.21243318043638093,0.8187566899984948,0.8187566899984948,0.08684513839856028,binomial,0.5,False,ap,2,2,1.2176464873270327,0.3297897058597289,0.3297897058597289,0.4817629046590245,binomial,1.0,False,as,False,0,,"```python
import math
def perimeter_pentagon(side):
  answer=(5*side)
  return answer
```",532,31,True,"import math
def perimeter_pentagon(side):
  answer=(5*side)
  return answer"
455,0,3,0,3,100.0,True,True,,1,1,0.8610060882769244,0.5742731979291118,0.5742731979291118,0.24088145232951227,binomial,1.0,False,m,1,1,0.8610060882769244,0.5742731979291118,0.5742731979291118,0.24088145232951227,binomial,1.0,False,m,False,0,,"```python
def check_monthnumb_number(monthnum2):
  if(monthnum2==1 or monthnum2==3 or monthnum2==5 or monthnum2==7 or monthnum2==8 or monthnum2==10 or monthnum2==12):
    return True
  else:
    return False
```",586,85,True,"def check_monthnumb_number(monthnum2):
  if(monthnum2==1 or monthnum2==3 or monthnum2==5 or monthnum2==7 or monthnum2==8 or monthnum2==10 or monthnum2==12):
    return True
  else:
    return False"
748,0,3,0,3,100.0,True,True,,2,2,1.2176464873270327,0.3297897058597289,0.3297897058597289,0.4817629046590245,binomial,1.0,False,s,2,2,1.2176464873270327,0.3297897058597289,0.3297897058597289,0.4817629046590245,binomial,1.0,False,is,False,0,,"```python
import re
def capital_words_spaces(input_string):
  return re.sub(r""(\w)([A-Z])"", r""\1 \2"", input_string)
```",583,51,True,"import re
def capital_words_spaces(input_string):
  return re.sub(r""(\w)([A-Z])"", r""\1 \2"", input_string)"
419,0,3,0,3,100.0,True,True,,3,0,-2.0116591870274902,1.0,1.0,-0.0,binomial,0.0,False,lr,3,2,0.32365113133868123,0.6105903395228512,0.6105903395228512,0.21425007118885986,binomial,0.6666666666666666,False,acl,False,0,,"```python
def round_and_sum(list1):
    capacity = len(list1)
    answer = sum(list(map(round, list1))) * capacity
    return answer
```",628,48,True,"def round_and_sum(list1):
    capacity = len(list1)
    answer = sum(list(map(round, list1))) * capacity
    return answer"
270,0,3,0,3,100.0,True,True,,2,2,1.2176464873270327,0.3297897058597289,0.3297897058597289,0.4817629046590245,binomial,1.0,False,ai,2,2,1.2176464873270327,0.3297897058597289,0.3297897058597289,0.4817629046590245,binomial,1.0,False,a,False,0,,"```python
def sum_even_and_even_index(arr):  
    index = 0
    answer = 0
    for index in range(0, len(arr), 2): 
        if (arr[index] % 2 == 0) : 
            answer += arr[index]  
    return answer
```",645,82,True,"def sum_even_and_even_index(arr):  
    index = 0
    answer = 0
    for index in range(0, len(arr), 2): 
        if (arr[index] % 2 == 0) : 
            answer += arr[index]  
    return answer"
572,0,3,0,3,100.0,True,True,,2,2,1.2176464873270327,0.3297897058597289,0.3297897058597289,0.4817629046590245,binomial,1.0,False,in,2,2,1.2176464873270327,0.3297897058597289,0.3297897058597289,0.4817629046590245,binomial,1.0,False,in,False,0,,"```python
def two_unique_nums(nums):
  return [item for item in nums if nums.count(item)==1]
```",593,35,True,"def two_unique_nums(nums):
  return [item for item in nums if nums.count(item)==1]"
590,0,3,0,3,100.0,True,True,,8,4,-0.42486636087276186,0.7839796745574444,0.7839796745574444,0.10569519668031972,binomial,0.5,False,cprxy,8,4,-0.42486636087276186,0.7839796745574444,0.7839796745574444,0.10569519668031972,binomial,0.5,False,cprvxy,False,0,,"```python
import cmath
def polar_rect(x,y):
 coordinate = complex(x,y)
 coordinate=cmath.polar(coordinate)
 value = cmath.rect(2, cmath.pi)
 return (coordinate,value)
```",655,66,True,"import cmath
def polar_rect(x,y):
 coordinate = complex(x,y)
 coordinate=cmath.polar(coordinate)
 value = cmath.rect(2, cmath.pi)
 return (coordinate,value)"
587,0,3,0,3,100.0,True,True,,2,0,-1.6425128481997946,1.0,1.0,-0.0,binomial,0.0,False,lt,2,2,1.2176464873270327,0.3297897058597289,0.3297897058597289,0.4817629046590245,binomial,1.0,False,io,False,0,,"```python
def list_tuple(input_values):
  output_values = tuple(input_values)
  return output_values
```",608,35,True,"def list_tuple(input_values):
  output_values = tuple(input_values)
  return output_values"
803,0,6,0,6,100.0,True,True,,2,2,1.2176464873270327,0.3297897058597289,0.3297897058597289,0.4817629046590245,binomial,1.0,False,in,2,2,1.2176464873270327,0.3297897058597289,0.3297897058597289,0.4817629046590245,binomial,1.0,False,cn,False,0,,"```python
def is_perfect_square(n) :
    counter = 1
    while (counter * counter <= n):
        if ((n % counter == 0) and (n / counter == counter)):
            return True     
        counter = counter + 1
    return False
```",628,70,True,"def is_perfect_square(n) :
    counter = 1
    while (counter * counter <= n):
        if ((n % counter == 0) and (n / counter == counter)):
            return True     
        counter = counter + 1
    return False"
304,0,3,0,3,100.0,True,True,,6,2,-1.1936019428750761,0.9458598826353558,0.9458598826353558,0.024173194153502164,binomial,0.3333333333333333,False,ailr,6,3,-0.36794506172925867,0.783360272121549,0.783360272121549,0.1060384573425148,binomial,0.5,False,acers,False,0,,"```python
def find_Element(arr,ranges,rotations,index) :  
    for counter in range(rotations - 1,-1,-1 ) : 
        start = ranges[counter][0] 
        end = ranges[counter][1] 
        if (start <= index and end >= index) : 
            if (index == start) : 
                index = end 
            else : 
                index = index - 1 
    return arr[index] 
```",678,118,True,"def find_Element(arr,ranges,rotations,index) :  
    for counter in range(rotations - 1,-1,-1 ) : 
        start = ranges[counter][0] 
        end = ranges[counter][1] 
        if (start <= index and end >= index) : 
            if (index == start) : 
                index = end 
            else : 
                index = index - 1 
    return arr[index]"
8,0,3,0,3,100.0,True,True,,3,2,0.32365113133868123,0.6105903395228512,0.6105903395228512,0.21425007118885986,binomial,0.6666666666666666,False,nsx,3,3,1.4913062905217669,0.18938938902816768,0.18938938902816768,0.7226443569885367,binomial,1.0,False,nsv,False,0,,"```python
def square_nums(nums):
    squares = list(map(lambda value: value ** 2, nums))
    return squares
```",600,37,True,"def square_nums(nums):
    squares = list(map(lambda value: value ** 2, nums))
    return squares"
284,0,3,0,3,100.0,True,True,,3,2,0.32365113133868123,0.6105903395228512,0.6105903395228512,0.21425007118885986,binomial,0.6666666666666666,False,cev,3,3,1.4913062905217669,0.18938938902816768,0.18938938902816768,0.7226443569885367,binomial,1.0,False,imv,False,0,,"```python
def check_element(items, value):
    match = all(item == value for item in items)
    return match
```",571,35,True,"def check_element(items, value):
    match = all(item == value for item in items)
    return match"
265,0,3,0,3,100.0,True,True,,3,3,1.4913062905217669,0.18938938902816768,0.18938938902816768,0.7226443569885367,binomial,1.0,False,is,2,2,1.2176464873270327,0.3297897058597289,0.3297897058597289,0.4817629046590245,binomial,1.0,False,s,False,0,,"```python
def list_split(S, step):
    return [S[index::step] for index in range(step)]
```",737,34,True,"def list_split(S, step):
    return [S[index::step] for index in range(step)]"
619,0,3,0,3,100.0,True,True,,5,1,-1.6925790460750216,0.9860152417752678,0.9860152417752678,0.006116371704091408,binomial,0.2,False,deirt,5,4,1.0208063453025353,0.2939715668530196,0.2939715668530196,0.5316946728395048,binomial,0.8,False,cinot,False,0,,"```python
def move_num(test_str):
  output = ''
  numbers = ''
  for char in test_str:
    if char.isdigit():
      numbers += char
    else:
      output += char
  output += numbers
  return (output)
```",633,70,True,"def move_num(test_str):
  output = ''
  numbers = ''
  for char in test_str:
    if char.isdigit():
      numbers += char
    else:
      output += char
  output += numbers
  return (output)"
140,0,3,0,3,100.0,True,True,,6,2,-1.1936019428750761,0.9458598826353558,0.9458598826353558,0.024173194153502164,binomial,0.3333333333333333,False,aeirt,6,5,1.2833687005623764,0.1954103220210058,0.1954103220210058,0.7090524995815906,binomial,0.8333333333333334,False,acist,False,0,,"```python
def extract_singly(test_list):
  answer = []
  seen = set()
  for container in test_list:
    for item in container:
      if not item in seen:
        seen.add(item)
        answer.append(item)
  return (answer)
```",695,75,True,"def extract_singly(test_list):
  answer = []
  seen = set()
  for container in test_list:
    for item in container:
      if not item in seen:
        seen.add(item)
        answer.append(item)
  return (answer)"
